ISBN,title,author,price,category,availability,source
,A Light in the Attic,,£51.77,,In stock,scraping
,Tipping the Velvet,,£53.74,,In stock,scraping
,Soumission,,£50.10,,In stock,scraping
,Sharp Objects,,£47.82,,In stock,scraping
,Sapiens: A Brief History of Humankind,,£54.23,,In stock,scraping
,The Requiem Red,,£22.65,,In stock,scraping
,The Dirty Little Secrets of Getting Your Dream Job,,£33.34,,In stock,scraping
,"The Coming Woman: A Novel Based on the Life of the Infamous Feminist, Victoria Woodhull",,£17.93,,In stock,scraping
,The Boys in the Boat: Nine Americans and Their Epic Quest for Gold at the 1936 Berlin Olympics,,£22.60,,In stock,scraping
,The Black Maria,,£52.15,,In stock,scraping
,"Starving Hearts (Triangular Trade Trilogy, #1)",,£13.99,,In stock,scraping
,Shakespeare's Sonnets,,£20.66,,In stock,scraping
,Set Me Free,,£17.46,,In stock,scraping
,Scott Pilgrim's Precious Little Life (Scott Pilgrim #1),,£52.29,,In stock,scraping
,Rip it Up and Start Again,,£35.02,,In stock,scraping
,"Our Band Could Be Your Life: Scenes from the American Indie Underground, 1981-1991",,£57.25,,In stock,scraping
,Olio,,£23.88,,In stock,scraping
,Mesaerion: The Best Science Fiction Stories 1800-1849,,£37.59,,In stock,scraping
,Libertarianism for Beginners,,£51.33,,In stock,scraping
,It's Only the Himalayas,,£45.17,,In stock,scraping
,In Her Wake,,£12.84,,In stock,scraping
,How Music Works,,£37.32,,In stock,scraping
,"Foolproof Preserving: A Guide to Small Batch Jams, Jellies, Pickles, Condiments, and More: A Foolproof Guide to Making Small Batch Jams, Jellies, Pickles, Condiments, and More",,£30.52,,In stock,scraping
,Chase Me (Paris Nights #2),,£25.27,,In stock,scraping
,Black Dust,,£34.53,,In stock,scraping
,Birdsong: A Story in Pictures,,£54.64,,In stock,scraping
,America's Cradle of Quarterbacks: Western Pennsylvania's Football Factory from Johnny Unitas to Joe Montana,,£22.50,,In stock,scraping
,Aladdin and His Wonderful Lamp,,£53.13,,In stock,scraping
,Worlds Elsewhere: Journeys Around Shakespeare’s Globe,,£40.30,,In stock,scraping
,Wall and Piece,,£44.18,,In stock,scraping
,The Four Agreements: A Practical Guide to Personal Freedom,,£17.66,,In stock,scraping
,The Five Love Languages: How to Express Heartfelt Commitment to Your Mate,,£31.05,,In stock,scraping
,The Elephant Tree,,£23.82,,In stock,scraping
,The Bear and the Piano,,£36.89,,In stock,scraping
,Sophie's World,,£15.94,,In stock,scraping
,Penny Maybe,,£33.29,,In stock,scraping
,Maude (1883-1993):She Grew Up with the country,,£18.02,,In stock,scraping
,"In a Dark, Dark Wood",,£19.63,,In stock,scraping
,Behind Closed Doors,,£52.22,,In stock,scraping
,You can't bury them all: Poems,,£33.63,,In stock,scraping
,Slow States of Collapse: Poems,,£57.31,,In stock,scraping
,Reasons to Stay Alive,,£26.41,,In stock,scraping
,Private Paris (Private #10),,£47.61,,In stock,scraping
,#HigherSelfie: Wake Up Your Life. Free Your Soul. Find Your Tribe.,,£23.11,,In stock,scraping
,Without Borders (Wanderlove #1),,£45.07,,In stock,scraping
,When We Collided,,£31.77,,In stock,scraping
,"We Love You, Charlie Freeman",,£50.27,,In stock,scraping
,Untitled Collection: Sabbath Poems 2014,,£14.27,,In stock,scraping
,"Unseen City: The Majesty of Pigeons, the Discreet Charm of Snails & Other Wonders of the Urban Wilderness",,£44.18,,In stock,scraping
,Unicorn Tracks,,£18.78,,In stock,scraping
,"Unbound: How Eight Technologies Made Us Human, Transformed Society, and Brought Our World to the Brink",,£25.52,,In stock,scraping
,Tsubasa: WoRLD CHRoNiCLE 2 (Tsubasa WoRLD CHRoNiCLE #2),,£16.28,,In stock,scraping
,Throwing Rocks at the Google Bus: How Growth Became the Enemy of Prosperity,,£31.12,,In stock,scraping
,This One Summer,,£19.49,,In stock,scraping
,Thirst,,£17.27,,In stock,scraping
,The Torch Is Passed: A Harding Family Story,,£19.09,,In stock,scraping
,The Secret of Dreadwillow Carse,,£56.13,,In stock,scraping
,"The Pioneer Woman Cooks: Dinnertime: Comfort Classics, Freezer Food, 16-Minute Meals, and Other Delicious Ways to Solve Supper!",,£56.41,,In stock,scraping
,The Past Never Ends,,£56.50,,In stock,scraping
,The Natural History of Us (The Fine Art of Pretending #2),,£45.22,,In stock,scraping
,The Nameless City (The Nameless City #1),,£38.16,,In stock,scraping
,The Murder That Never Was (Forensic Instincts #5),,£54.11,,In stock,scraping
,The Most Perfect Thing: Inside (and Outside) a Bird's Egg,,£42.96,,In stock,scraping
,"The Mindfulness and Acceptance Workbook for Anxiety: A Guide to Breaking Free from Anxiety, Phobias, and Worry Using Acceptance and Commitment Therapy",,£23.89,,In stock,scraping
,The Life-Changing Magic of Tidying Up: The Japanese Art of Decluttering and Organizing,,£16.77,,In stock,scraping
,"The Inefficiency Assassin: Time Management Tactics for Working Smarter, Not Longer",,£20.59,,In stock,scraping
,The Gutsy Girl: Escapades for Your Life of Epic Adventure,,£37.13,,In stock,scraping
,The Electric Pencil: Drawings from Inside State Hospital No. 3,,£56.06,,In stock,scraping
,The Death of Humanity: and the Case for Life,,£58.11,,In stock,scraping
,"The Bulletproof Diet: Lose up to a Pound a Day, Reclaim Energy and Focus, Upgrade Your Life",,£49.05,,In stock,scraping
,The Art Forger,,£40.76,,In stock,scraping
,The Age of Genius: The Seventeenth Century and the Birth of the Modern Mind,,£19.73,,In stock,scraping
,The Activist's Tao Te Ching: Ancient Advice for a Modern Revolution,,£32.24,,In stock,scraping
,Spark Joy: An Illustrated Master Class on the Art of Organizing and Tidying Up,,£41.83,,In stock,scraping
,Soul Reader,,£39.58,,In stock,scraping
,Security,,£39.25,,In stock,scraping
,"Saga, Volume 6 (Saga (Collected Editions) #6)",,£25.02,,In stock,scraping
,"Saga, Volume 5 (Saga (Collected Editions) #5)",,£51.04,,In stock,scraping
,Reskilling America: Learning to Labor in the Twenty-First Century,,£19.83,,In stock,scraping
,"Rat Queens, Vol. 3: Demons (Rat Queens (Collected Editions) #11-15)",,£50.40,,In stock,scraping
,"Princess Jellyfish 2-in-1 Omnibus, Vol. 01 (Princess Jellyfish 2-in-1 Omnibus #1)",,£13.61,,In stock,scraping
,Princess Between Worlds (Wide-Awake Princess #5),,£13.34,,In stock,scraping
,"Pop Gun War, Volume 1: Gift",,£18.97,,In stock,scraping
,"Political Suicide: Missteps, Peccadilloes, Bad Calls, Backroom Hijinx, Sordid Pasts, Rotten Breaks, and Just Plain Dumb Mistakes in the Annals of American Politics",,£36.28,,In stock,scraping
,Patience,,£10.16,,In stock,scraping
,"Outcast, Vol. 1: A Darkness Surrounds Him (Outcast #1)",,£15.44,,In stock,scraping
,orange: The Complete Collection 1 (orange: The Complete Collection #1),,£48.41,,In stock,scraping
,Online Marketing for Busy Authors: A Step-By-Step Guide,,£46.35,,In stock,scraping
,On a Midnight Clear,,£14.07,,In stock,scraping
,Obsidian (Lux #1),,£14.86,,In stock,scraping
,My Paris Kitchen: Recipes and Stories,,£33.37,,In stock,scraping
,Masks and Shadows,,£56.40,,In stock,scraping
,"Mama Tried: Traditional Italian Cooking for the Screwed, Crude, Vegan, and Tattooed",,£14.02,,In stock,scraping
,"Lumberjanes, Vol. 2: Friendship to the Max (Lumberjanes #5-8)",,£46.91,,In stock,scraping
,"Lumberjanes, Vol. 1: Beware the Kitten Holy (Lumberjanes #1-4)",,£45.61,,In stock,scraping
,Lumberjanes Vol. 3: A Terrible Plan (Lumberjanes #9-12),,£19.92,,In stock,scraping
,"Layered: Baking, Building, and Styling Spectacular Cakes",,£40.11,,In stock,scraping
,Judo: Seven Steps to Black Belt (an Introductory Guide for Beginners),,£53.90,,In stock,scraping
,Join,,£35.67,,In stock,scraping
,In the Country We Love: My Family Divided,,£22.00,,In stock,scraping
,Immunity: How Elie Metchnikoff Changed the Course of Modern Medicine,,£57.36,,In stock,scraping
,"I Hate Fairyland, Vol. 1: Madly Ever After (I Hate Fairyland (Compilations) #1-5)",,£29.17,,In stock,scraping
,I am a Hero Omnibus Volume 1,,£54.63,,In stock,scraping
,How to Be Miserable: 40 Strategies You Already Use,,£46.03,,In stock,scraping
,Her Backup Boyfriend (The Sorensen Family #1),,£33.97,,In stock,scraping
,"Giant Days, Vol. 2 (Giant Days #5-8)",,£22.11,,In stock,scraping
,Forever and Forever: The Courtship of Henry Longfellow and Fanny Appleton,,£29.69,,In stock,scraping
,First and First (Five Boroughs #3),,£15.97,,In stock,scraping
,Fifty Shades Darker (Fifty Shades #2),,£21.96,,In stock,scraping
,Everydata: The Misinformation Hidden in the Little Data You Consume Every Day,,£54.35,,In stock,scraping
,"Don't Be a Jerk: And Other Practical Advice from Dogen, Japan's Greatest Zen Master",,£37.97,,In stock,scraping
,Danganronpa Volume 1,,£51.99,,In stock,scraping
,Crown of Midnight (Throne of Glass #2),,£43.29,,In stock,scraping
,"Codename Baboushka, Volume 1: The Conclave of Death",,£36.72,,In stock,scraping
,Camp Midnight,,£17.08,,In stock,scraping
,Call the Nurse: True Stories of a Country Nurse on a Scottish Isle,,£29.14,,In stock,scraping
,Burning,,£28.81,,In stock,scraping
,Bossypants,,£49.46,,In stock,scraping
,"Bitch Planet, Vol. 1: Extraordinary Machine (Bitch Planet (Collected Editions))",,£37.92,,In stock,scraping
,"Avatar: The Last Airbender: Smoke and Shadow, Part 3 (Smoke and Shadow #3)",,£28.09,,In stock,scraping
,Algorithms to Live By: The Computer Science of Human Decisions,,£30.81,,In stock,scraping
,A World of Flavor: Your Gluten Free Passport,,£42.95,,In stock,scraping
,"A Piece of Sky, a Grain of Rice: A Memoir in Four Meditations",,£56.76,,In stock,scraping
,A Murder in Time,,£16.64,,In stock,scraping
,A Flight of Arrows (The Pathfinders #2),,£55.53,,In stock,scraping
,A Fierce and Subtle Poison,,£28.13,,In stock,scraping
,A Court of Thorns and Roses (A Court of Thorns and Roses #1),,£52.37,,In stock,scraping
,(Un)Qualified: How God Uses Broken People to Do Big Things,,£54.00,,In stock,scraping
,You Are What You Love: The Spiritual Power of Habit,,£21.87,,In stock,scraping
,"William Shakespeare's Star Wars: Verily, A New Hope (William Shakespeare's Star Wars #4)",,£43.30,,In stock,scraping
,Tuesday Nights in 1980,,£21.04,,In stock,scraping
,Tracing Numbers on a Train,,£41.60,,In stock,scraping
,Throne of Glass (Throne of Glass #1),,£35.07,,In stock,scraping
,Thomas Jefferson and the Tripoli Pirates: The Forgotten War That Changed American History,,£59.64,,In stock,scraping
,Thirteen Reasons Why,,£52.72,,In stock,scraping
,The White Cat and the Monk: A Retelling of the Poem “Pangur Bán”,,£58.08,,In stock,scraping
,The Wedding Dress,,£24.12,,In stock,scraping
,The Vacationers,,£42.15,,In stock,scraping
,The Third Wave: An Entrepreneur’s Vision of the Future,,£12.61,,In stock,scraping
,The Stranger,,£17.44,,In stock,scraping
,The Shadow Hero (The Shadow Hero),,£33.14,,In stock,scraping
,The Secret (The Secret #1),,£27.37,,In stock,scraping
,The Regional Office Is Under Attack!,,£51.36,,In stock,scraping
,The Psychopath Test: A Journey Through the Madness Industry,,£36.00,,In stock,scraping
,The Project,,£10.65,,In stock,scraping
,The Power of Now: A Guide to Spiritual Enlightenment,,£43.54,,In stock,scraping
,The Omnivore's Dilemma: A Natural History of Four Meals,,£38.21,,In stock,scraping
,The Nerdy Nummies Cookbook: Sweet Treats for the Geek in All of Us,,£37.34,,In stock,scraping
,The Murder of Roger Ackroyd (Hercule Poirot #4),,£44.10,,In stock,scraping
,The Mistake (Off-Campus #2),,£43.29,,In stock,scraping
,The Matchmaker's Playbook (Wingmen Inc. #1),,£55.85,,In stock,scraping
,The Love and Lemons Cookbook: An Apple-to-Zucchini Celebration of Impromptu Cooking,,£37.60,,In stock,scraping
,The Long Shadow of Small Ghosts: Murder and Memory in an American City,,£10.97,,In stock,scraping
,The Kite Runner,,£41.82,,In stock,scraping
,The House by the Lake,,£36.95,,In stock,scraping
,The Glittering Court (The Glittering Court #1),,£44.28,,In stock,scraping
,The Girl on the Train,,£55.02,,In stock,scraping
,The Genius of Birds,,£17.24,,In stock,scraping
,The Emerald Mystery,,£23.15,,In stock,scraping
,The Cookies & Cups Cookbook: 125+ sweet & savory recipes reminding you to Always Eat Dessert First,,£41.25,,In stock,scraping
,The Bridge to Consciousness: I'm Writing the Bridge Between Science and Our Old and New Beliefs.,,£32.00,,In stock,scraping
,The Artist's Way: A Spiritual Path to Higher Creativity,,£38.49,,In stock,scraping
,The Art of War,,£33.34,,In stock,scraping
,The Argonauts,,£10.93,,In stock,scraping
,The 10% Entrepreneur: Live Your Startup Dream Without Quitting Your Day Job,,£27.55,,In stock,scraping
,Suddenly in Love (Lake Haven #1),,£55.99,,In stock,scraping
,Something More Than This,,£16.24,,In stock,scraping
,Soft Apocalypse,,£26.12,,In stock,scraping
,So You've Been Publicly Shamed,,£12.23,,In stock,scraping
,Shoe Dog: A Memoir by the Creator of NIKE,,£23.99,,In stock,scraping
,"Shobu Samurai, Project Aryoku (#3)",,£29.06,,In stock,scraping
,Secrets and Lace (Fatal Hearts #1),,£20.27,,In stock,scraping
,Scarlett Epstein Hates It Here,,£43.55,,In stock,scraping
,Romero and Juliet: A Tragic Tale of Love and Zombies,,£36.94,,In stock,scraping
,Redeeming Love,,£20.47,,In stock,scraping
,Poses for Artists Volume 1 - Dynamic and Sitting Poses: An Essential Reference for Figure Drawing and the Human Form,,£41.06,,In stock,scraping
,Poems That Make Grown Women Cry,,£14.19,,In stock,scraping
,"Nightingale, Sing",,£38.28,,In stock,scraping
,Night Sky with Exit Wounds,,£41.05,,In stock,scraping
,Mrs. Houdini,,£30.25,,In stock,scraping
,Modern Romance,,£28.26,,In stock,scraping
,Miss Peregrine’s Home for Peculiar Children (Miss Peregrine’s Peculiar Children #1),,£10.76,,In stock,scraping
,Louisa: The Extraordinary Life of Mrs. Adams,,£16.85,,In stock,scraping
,Little Red,,£13.47,,In stock,scraping
,Library of Souls (Miss Peregrine’s Peculiar Children #3),,£48.56,,In stock,scraping
,Large Print Heart of the Pride,,£19.15,,In stock,scraping
,I Had a Nice Time And Other Lies...: How to find love & sh*t like that,,£57.36,,In stock,scraping
,Hollow City (Miss Peregrine’s Peculiar Children #2),,£42.98,,In stock,scraping
,Grumbles,,£22.16,,In stock,scraping
,Full Moon over Noah’s Ark: An Odyssey to Mount Ararat and Beyond,,£49.43,,In stock,scraping
,Frostbite (Vampire Academy #2),,£29.99,,In stock,scraping
,Follow You Home,,£21.36,,In stock,scraping
,First Steps for New Christians (Print Edition),,£29.00,,In stock,scraping
,Finders Keepers (Bill Hodges Trilogy #2),,£53.53,,In stock,scraping
,"Fables, Vol. 1: Legends in Exile (Fables #1)",,£41.62,,In stock,scraping
,Eureka Trivia 6.0,,£54.59,,In stock,scraping
,Drive: The Surprising Truth About What Motivates Us,,£34.95,,In stock,scraping
,Done Rubbed Out (Reightman & Bailey #1),,£37.72,,In stock,scraping
,Doing It Over (Most Likely To #1),,£35.61,,In stock,scraping
,"Deliciously Ella Every Day: Quick and Easy Recipes for Gluten-Free Snacks, Packed Lunches, and Simple Meals",,£42.16,,In stock,scraping
